,Date,Time,Current,RPM
0,2019-12-02,14:48:18.468972,[],[]
1,2019-12-02,14:48:19.315056,['1.29'],['278.76']
2,2019-12-02,14:48:19.490865,['-1.31'],['279.25']
3,2019-12-02,14:48:19.666684,['1.25'],['278.88']
4,2019-12-02,14:48:19.842393,['-1.17'],['280.33']
5,2019-12-02,14:48:20.018193,['1.04'],['279.63']
6,2019-12-02,14:48:20.194008,['-1.01'],['281.57']
7,2019-12-02,14:48:20.369789,['0.90'],['280.53']
8,2019-12-02,14:48:20.545634,['-0.03'],['281.88']
9,2019-12-02,14:48:20.721274,['-1.12'],['281.52']
10,2019-12-02,14:48:20.897102,['1.10'],['282.54']
11,2019-12-02,14:48:21.072953,['-0.91'],['282.03']
12,2019-12-02,14:48:21.248757,['0.96'],['282.83']
13,2019-12-02,14:48:21.424546,['-0.87'],['280.45']
14,2019-12-02,14:48:21.600337,['0.54'],['279.82']
15,2019-12-02,14:48:21.776583,['1.23'],['280.68']
16,2019-12-02,14:48:21.967658,['-1.15'],['279.59']
17,2019-12-02,14:48:22.127591,['1.06'],['280.35']
18,2019-12-02,14:48:22.319254,['-1.00'],['280.07']
19,2019-12-02,14:48:22.495210,['0.94'],['281.93']
20,2019-12-02,14:48:22.670786,['-0.67'],['280.58']
21,2019-12-02,14:48:22.846496,['-1.22'],['282.06']
22,2019-12-02,14:48:23.022394,['1.14'],['281.28']
23,2019-12-02,14:48:23.198307,['-1.07'],['281.98']
24,2019-12-02,14:48:23.374066,['0.96'],['282.51']
25,2019-12-02,14:48:23.549906,['-0.90'],['290.32']
26,2019-12-02,14:48:23.693971,['1.42'],['369.85']
27,2019-12-02,14:48:23.821321,['1.76'],['430.57']
28,2019-12-02,14:48:23.917301,['-2.10'],['491.92']
29,2019-12-02,14:48:24.013296,['1.85'],['532.72']
30,2019-12-02,14:48:24.109366,['-2.52'],['581.62']
31,2019-12-02,14:48:24.189258,['2.48'],['620.67']
32,2019-12-02,14:48:24.269139,['-0.66'],['659.70']
33,2019-12-02,14:48:24.333111,['-2.61'],['691.32']
34,2019-12-02,14:48:24.412965,['-1.74'],['726.13']
35,2019-12-02,14:48:24.476692,['2.72'],['758.34']
36,2019-12-02,14:48:24.540747,['2.57'],['789.47']
37,2019-12-02,14:48:24.604496,['-2.23'],['819.90']
38,2019-12-02,14:48:24.652615,['-2.79'],['847.10']
39,2019-12-02,14:48:24.716322,['2.67'],['875.27']
40,2019-12-02,14:48:24.763886,['-2.87'],['899.15']
41,2019-12-02,14:48:24.827725,['-2.27'],['919.96']
42,2019-12-02,14:48:24.875991,['2.11'],['918.41']
43,2019-12-02,14:48:24.939246,['1.56'],['916.45']
44,2019-12-02,14:48:24.987396,['-1.83'],['912.83']
45,2019-12-02,14:48:25.035203,['-1.62'],['910.33']
46,2019-12-02,14:48:25.098875,['2.03'],['909.64']
47,2019-12-02,14:48:25.146773,['1.67'],['909.92']
48,2019-12-02,14:48:25.210920,['-2.04'],['907.99']
49,2019-12-02,14:48:25.258659,['-1.60'],['909.92']
50,2019-12-02,14:48:25.306497,['1.95'],['905.93']
51,2019-12-02,14:48:25.370263,['1.62'],['907.72']
52,2019-12-02,14:48:25.418633,['-1.92'],['907.99']
53,2019-12-02,14:48:25.482021,['-1.66'],['909.50']
54,2019-12-02,14:48:25.529819,['1.98'],['907.58']
55,2019-12-02,14:48:25.577687,['1.57'],['909.92']
56,2019-12-02,14:48:25.641730,['-1.97'],['908.95']
57,2019-12-02,14:48:25.689629,['-1.60'],['911.16']
58,2019-12-02,14:48:25.753186,['1.98'],['906.62']
59,2019-12-02,14:48:25.801119,['1.64'],['907.30']
60,2019-12-02,14:48:25.849003,['-1.82'],['906.48']
61,2019-12-02,14:48:25.912749,['-1.59'],['906.34']
62,2019-12-02,14:48:25.960651,['1.87'],['909.37']
63,2019-12-02,14:48:26.024378,['1.42'],['909.92']
64,2019-12-02,14:48:26.072403,['-1.77'],['909.23']
65,2019-12-02,14:48:26.120286,['-0.96'],['911.44']
66,2019-12-02,14:48:26.184489,['1.72'],['906.21']
67,2019-12-02,14:48:26.232492,['0.49'],['909.09']
68,2019-12-02,14:48:26.296043,['-1.65'],['909.50']
69,2019-12-02,14:48:26.344047,['0.15'],['907.72']
70,2019-12-02,14:48:26.391693,['1.70'],['905.39']
71,2019-12-02,14:48:26.455615,['-0.76'],['908.68']
72,2019-12-02,14:48:26.503803,['-1.66'],['907.99']
73,2019-12-02,14:48:26.567383,['1.37'],['907.44']
74,2019-12-02,14:48:26.615435,['1.69'],['911.44']
75,2019-12-02,14:48:26.663311,['-1.71'],['908.82']
76,2019-12-02,14:48:26.726874,['-1.65'],['906.76']
77,2019-12-02,14:48:26.775135,['1.95'],['907.58']
78,2019-12-02,14:48:26.838573,['1.70'],['906.21']
79,2019-12-02,14:48:26.886860,['-1.97'],['904.30']
80,2019-12-02,14:48:26.934723,['-1.65'],['910.19']
81,2019-12-02,14:48:26.998479,['1.87'],['909.50']
82,2019-12-02,14:48:27.046374,['1.76'],['909.37']
83,2019-12-02,14:48:27.110229,['-1.91'],['909.37']
84,2019-12-02,14:48:27.157971,['-1.62'],['906.62']
85,2019-12-02,14:48:27.206328,['1.84'],['908.82']
86,2019-12-02,14:48:27.269786,['1.54'],['908.68']
87,2019-12-02,14:48:27.318102,['-1.86'],['907.72']
88,2019-12-02,14:48:27.381886,['-1.63'],['910.89']
89,2019-12-02,14:48:27.429726,['1.85'],['907.17']
90,2019-12-02,14:48:27.477651,['1.45'],['910.89']
91,2019-12-02,14:48:27.541556,['-1.86'],['911.02']
92,2019-12-02,14:48:27.589747,['-1.40'],['909.64']
93,2019-12-02,14:48:27.653138,['1.68'],['911.16']
94,2019-12-02,14:48:27.701342,['1.06'],['906.62']
95,2019-12-02,14:48:27.749538,['-1.77'],['907.72']
96,2019-12-02,14:48:27.813333,['-0.36'],['908.54']
97,2019-12-02,14:48:27.861057,['1.69'],['904.98']
98,2019-12-02,14:48:27.924946,['-0.29'],['909.23']
99,2019-12-02,14:48:27.972843,['-1.66'],['910.19']
100,2019-12-02,14:48:28.021158,['1.01'],['909.64']
101,2019-12-02,14:48:28.084705,['1.67'],['908.82']
102,2019-12-02,14:48:28.132634,['-1.65'],['909.50']
103,2019-12-02,14:48:28.196683,['-1.59'],['907.58']
104,2019-12-02,14:48:28.244744,['1.80'],['904.84']
105,2019-12-02,14:48:28.293007,['1.71'],['907.17']
106,2019-12-02,14:48:28.356357,['-1.89'],['907.85']
107,2019-12-02,14:48:28.404109,['-1.59'],['907.99']
108,2019-12-02,14:48:28.468327,['1.98'],['910.06']
109,2019-12-02,14:48:28.516182,['1.57'],['909.78']
110,2019-12-02,14:48:28.564278,['-1.95'],['907.17']
111,2019-12-02,14:48:28.628177,['-1.66'],['908.40']
112,2019-12-02,14:48:28.676238,['1.91'],['907.72']
113,2019-12-02,14:48:28.739983,['1.62'],['905.39']
114,2019-12-02,14:48:28.787843,['-1.88'],['906.07']
115,2019-12-02,14:48:28.835949,['-1.59'],['907.72']
116,2019-12-02,14:48:28.899687,['1.82'],['907.44']
117,2019-12-02,14:48:28.947899,['1.52'],['908.54']
118,2019-12-02,14:48:29.011646,['-1.88'],['911.44']
119,2019-12-02,14:48:29.059751,['-1.34'],['908.40']
120,2019-12-02,14:48:29.107641,['1.86'],['907.85']
121,2019-12-02,14:48:29.171286,['0.79'],['907.72']
122,2019-12-02,14:48:29.219235,['-1.70'],['906.62']
123,2019-12-02,14:48:29.283221,['-0.20'],['907.03']
124,2019-12-02,14:48:29.331222,['1.61'],['910.19']
125,2019-12-02,14:48:29.379406,['-0.54'],['907.85']
126,2019-12-02,14:48:29.442561,['-1.76'],['908.13']
127,2019-12-02,14:48:29.490852,['1.37'],['911.02']
128,2019-12-02,14:48:29.554494,['1.71'],['908.95']
129,2019-12-02,14:48:29.602595,['-1.74'],['904.84']
130,2019-12-02,14:48:29.666055,['-1.73'],['909.64']
131,2019-12-02,14:48:29.714227,['1.93'],['907.17']
132,2019-12-02,14:48:29.762225,['1.71'],['908.82']
133,2019-12-02,14:48:29.825817,['-2.01'],['909.78']
134,2019-12-02,14:48:29.873770,['-1.67'],['909.64']
135,2019-12-02,14:48:29.921979,['1.96'],['907.17']
136,2019-12-02,14:48:29.985617,['1.64'],['912.13']
137,2019-12-02,14:48:30.033644,['-1.89'],['910.19']
138,2019-12-02,14:48:30.097314,['-1.59'],['908.82']
139,2019-12-02,14:48:30.145377,['1.94'],['907.44']
140,2019-12-02,14:48:30.193039,['1.56'],['903.61']
141,2019-12-02,14:48:30.256973,['-1.86'],['906.62']
142,2019-12-02,14:48:30.304814,['-1.53'],['909.23']
143,2019-12-02,14:48:30.368814,['1.95'],['906.89']
144,2019-12-02,14:48:30.417028,['1.46'],['908.13']
145,2019-12-02,14:48:30.480665,['-1.85'],['908.27']
146,2019-12-02,14:48:30.528919,['-1.00'],['909.78']
147,2019-12-02,14:48:30.576899,['1.76'],['906.48']
148,2019-12-02,14:48:30.640602,['0.27'],['906.62']
149,2019-12-02,14:48:30.688736,['-1.64'],['909.37']
150,2019-12-02,14:48:30.736823,['0.49'],['906.76']
151,2019-12-02,14:48:30.800462,['1.68'],['908.68']
152,2019-12-02,14:48:30.848613,['-1.19'],['908.13']
153,2019-12-02,14:48:30.912535,['-1.74'],['907.44']
154,2019-12-02,14:48:30.960137,['1.74'],['910.06']
155,2019-12-02,14:48:31.008433,['1.74'],['908.40']
156,2019-12-02,14:48:31.072184,['-1.93'],['908.13']
157,2019-12-02,14:48:31.120265,['-1.76'],['906.21']
158,2019-12-02,14:48:31.183789,['2.00'],['907.17']
159,2019-12-02,14:48:31.232073,['1.64'],['906.21']
160,2019-12-02,14:48:31.295777,['-1.87'],['906.48']
161,2019-12-02,14:48:31.343653,['-1.57'],['913.24']
162,2019-12-02,14:48:31.391621,['1.82'],['909.50']
163,2019-12-02,14:48:31.455611,['1.64'],['909.78']
164,2019-12-02,14:48:31.503718,['-1.89'],['909.50']
165,2019-12-02,14:48:31.567223,['-1.64'],['908.27']
166,2019-12-02,14:48:31.615230,['1.92'],['906.89']
167,2019-12-02,14:48:31.663494,['1.56'],['906.21']
168,2019-12-02,14:48:31.727159,['-1.86'],['907.58']
169,2019-12-02,14:48:31.775372,['-1.38'],['907.99']
170,2019-12-02,14:48:31.823342,['1.87'],['907.17']
171,2019-12-02,14:48:31.887118,['0.95'],['906.34']
172,2019-12-02,14:48:31.935228,['-1.77'],['907.17']
173,2019-12-02,14:48:31.998759,['-0.24'],['908.13']
174,2019-12-02,14:48:32.046741,['1.69'],['908.82']
175,2019-12-02,14:48:32.110700,['-0.56'],['904.43']
176,2019-12-02,14:48:32.158783,['-1.64'],['905.93']
177,2019-12-02,14:48:32.206897,['1.35'],['908.68']
178,2019-12-02,14:48:32.270241,['1.71'],['905.39']
179,2019-12-02,14:48:32.318571,['-1.63'],['910.47']
180,2019-12-02,14:48:32.382193,['-1.77'],['909.23']
181,2019-12-02,14:48:32.430178,['2.07'],['909.23']
182,2019-12-02,14:48:32.478174,['1.68'],['907.85']
183,2019-12-02,14:48:32.541860,['-1.97'],['908.40']
184,2019-12-02,14:48:32.589840,['-1.57'],['907.03']
185,2019-12-02,14:48:32.653264,['1.94'],['904.98']
186,2019-12-02,14:48:32.701176,['1.70'],['915.75']
187,2019-12-02,14:48:32.749512,['-2.62'],['938.82']
188,2019-12-02,14:48:32.812853,['-2.73'],['969.46']
189,2019-12-02,14:48:32.860967,['-2.36'],['996.68']
190,2019-12-02,14:48:32.908773,['-2.28'],['1020.06']
191,2019-12-02,14:48:32.956747,['-2.37'],['1040.40']
192,2019-12-02,14:48:33.004561,['-2.59'],['1067.81']
193,2019-12-02,14:48:33.052415,['-2.37'],['1087.15']
194,2019-12-02,14:48:33.084312,['2.59'],['1107.62']
195,2019-12-02,14:48:33.132408,['-0.43'],['1128.67']
196,2019-12-02,14:48:33.180176,['-2.83'],['1148.99']
197,2019-12-02,14:48:33.228021,['2.63'],['1163.69']
198,2019-12-02,14:48:33.260136,['-1.87'],['1163.92']
199,2019-12-02,14:48:33.307761,['1.72'],['1161.44']
200,2019-12-02,14:48:33.355589,['-1.65'],['1154.29']
201,2019-12-02,14:48:33.387795,['1.71'],['1154.07']
202,2019-12-02,14:48:33.435561,['-1.26'],['1158.97']
203,2019-12-02,14:48:33.483189,['-0.68'],['1157.18']
204,2019-12-02,14:48:33.515479,['2.01'],['1160.99']
205,2019-12-02,14:48:33.563104,['-2.10'],['1162.34']
206,2019-12-02,14:48:33.610864,['1.99'],['1159.42']
207,2019-12-02,14:48:33.643127,['-1.85'],['1157.85']
208,2019-12-02,14:48:33.690866,['1.95'],['1165.27']
209,2019-12-02,14:48:33.738582,['-2.60'],['1187.65']
210,2019-12-02,14:48:33.770751,['2.68'],['1207.49']
211,2019-12-02,14:48:33.818304,['-2.64'],['1234.06']
212,2019-12-02,14:48:33.850399,['2.72'],['1251.83']
213,2019-12-02,14:48:33.898042,['-3.03'],['1268.77']
214,2019-12-02,14:48:33.930330,['-2.13'],['1290.88']
215,2019-12-02,14:48:33.962013,['2.69'],['1312.34']
216,2019-12-02,14:48:34.009813,['-1.53'],['1314.92']
217,2019-12-02,14:48:34.041943,['-1.82'],['1310.04']
218,2019-12-02,14:48:34.073984,['1.73'],['1304.92']
219,2019-12-02,14:48:34.121692,['1.86'],['1298.42']
220,2019-12-02,14:48:34.153647,['-2.07'],['1304.35']
221,2019-12-02,14:48:34.201139,['-1.78'],['1308.61']
222,2019-12-02,14:48:34.233162,['2.12'],['1310.04']
223,2019-12-02,14:48:34.265423,['1.83'],['1314.06']
224,2019-12-02,14:48:34.313147,['-2.52'],['1318.97']
225,2019-12-02,14:48:34.345162,['-2.57'],['1339.29']
226,2019-12-02,14:48:34.377141,['3.23'],['1352.87']
227,2019-12-02,14:48:34.409256,['2.70'],['1377.09']
228,2019-12-02,14:48:34.456643,['0.90'],['1394.38']
229,2019-12-02,14:48:34.488637,['-3.15'],['1412.76']
230,2019-12-02,14:48:34.520753,['-2.79'],['1435.75']
231,2019-12-02,14:48:34.552730,['-2.76'],['1450.68']
232,2019-12-02,14:48:34.584534,['-2.73'],['1462.70']
233,2019-12-02,14:48:34.616671,['-2.36'],['1468.07']
234,2019-12-02,14:48:34.664298,['-1.88'],['1464.49']
235,2019-12-02,14:48:34.696111,['-1.63'],['1470.23']
236,2019-12-02,14:48:34.728061,['-1.36'],['1464.13']
237,2019-12-02,14:48:34.760100,['-0.66'],['1460.56']
238,2019-12-02,14:48:34.792083,['0.34'],['1457.73']
239,2019-12-02,14:48:34.823546,['1.36'],['1460.21']
240,2019-12-02,14:48:34.855639,['2.29'],['1472.03']
241,2019-12-02,14:48:34.887728,['2.86'],['1482.58']
242,2019-12-02,14:48:34.919805,['3.22'],['1498.13']
243,2019-12-02,14:48:34.951562,['3.21'],['1519.37']
244,2019-12-02,14:48:34.983668,['2.22'],['1534.13']
245,2019-12-02,14:48:35.031040,['-0.74'],['1547.59']
246,2019-12-02,14:48:35.047289,['-2.45'],['1558.44']
247,2019-12-02,14:48:35.079023,['-2.13'],['1555.21']
248,2019-12-02,14:48:35.111206,['-2.03'],['1558.85']
249,2019-12-02,14:48:35.143129,['-2.16'],['1561.28']
250,2019-12-02,14:48:35.175128,['-1.10'],['1557.23']
251,2019-12-02,14:48:35.207084,['1.84'],['1546.39']
252,2019-12-02,14:48:35.238832,['1.97'],['1539.65']
253,2019-12-02,14:48:35.270715,['1.94'],['1552.39']
254,2019-12-02,14:48:35.302764,['2.24'],['1552.39']
255,2019-12-02,14:48:35.334735,['2.27'],['1554.81']
256,2019-12-02,14:48:35.366575,['-0.29'],['1551.19']
257,2019-12-02,14:48:35.398592,['-2.30'],['1552.80']
258,2019-12-02,14:48:35.430331,['-2.74'],['1587.30']
259,2019-12-02,14:48:35.462364,['-3.24'],['1598.72']
260,2019-12-02,14:48:35.493967,['-3.00'],['1611.17']
261,2019-12-02,14:48:35.525814,['2.83'],['1625.58']
262,2019-12-02,14:48:35.557730,['3.03'],['1639.34']
263,2019-12-02,14:48:35.589911,['2.40'],['1659.75']
264,2019-12-02,14:48:35.621804,['-2.96'],['1668.06']
265,2019-12-02,14:48:35.653660,['-2.79'],['1674.11']
266,2019-12-02,14:48:35.669895,['2.04'],['1682.56']
267,2019-12-02,14:48:35.701493,['2.33'],['1674.57']
268,2019-12-02,14:48:35.733229,['-1.86'],['1675.04']
269,2019-12-02,14:48:35.765146,['-2.23'],['1675.04']
270,2019-12-02,14:48:35.796985,['0.87'],['1663.89']
271,2019-12-02,14:48:35.828884,['2.17'],['1662.51']
272,2019-12-02,14:48:35.860774,['1.46'],['1673.17']
273,2019-12-02,14:48:35.876861,['-2.16'],['1669.45']
274,2019-12-02,14:48:35.909063,['-2.51'],['1673.17']
275,2019-12-02,14:48:35.941145,['2.19'],['1665.28']
276,2019-12-02,14:48:35.972706,['2.46'],['1666.67']
277,2019-12-02,14:48:36.004668,['-2.06'],['1667.13']
278,2019-12-02,14:48:36.036788,['-2.37'],['1672.71']
279,2019-12-02,14:48:36.068621,['0.78'],['1669.45']
280,2019-12-02,14:48:36.084624,['2.24'],['1662.05']
281,2019-12-02,14:48:36.116536,['1.57'],['1666.67']
282,2019-12-02,14:48:36.148304,['-2.22'],['1665.28']
283,2019-12-02,14:48:36.180062,['-2.51'],['1668.98']
284,2019-12-02,14:48:36.212175,['2.12'],['1673.17']
285,2019-12-02,14:48:36.244250,['2.45'],['1662.51']
286,2019-12-02,14:48:36.276098,['-2.05'],['1673.17']
287,2019-12-02,14:48:36.291985,['-2.40'],['1672.71']
288,2019-12-02,14:48:36.324190,['0.43'],['1658.37']
289,2019-12-02,14:48:36.355983,['2.21'],['1659.29']
290,2019-12-02,14:48:36.387705,['2.04'],['1660.67']
291,2019-12-02,14:48:36.419811,['-2.20'],['1672.24']
292,2019-12-02,14:48:36.451659,['-2.60'],['1677.85']
293,2019-12-02,14:48:36.483589,['2.19'],['1668.98']
294,2019-12-02,14:48:36.499509,['2.40'],['1666.67']
295,2019-12-02,14:48:36.531525,['-1.86'],['1661.13']
296,2019-12-02,14:48:36.563282,['-2.28'],['1673.64']
297,2019-12-02,14:48:36.595337,['-0.39'],['1671.31']
298,2019-12-02,14:48:36.626859,['2.18'],['1665.28']
299,2019-12-02,14:48:36.659131,['2.39'],['1668.52']
300,2019-12-02,14:48:36.690955,['-2.25'],['1663.43']
301,2019-12-02,14:48:36.722849,['-2.54'],['1668.06']
302,2019-12-02,14:48:36.738765,['2.11'],['1669.91']
303,2019-12-02,14:48:36.771087,['2.43'],['1663.43']
304,2019-12-02,14:48:36.802908,['-1.31'],['1671.77']
305,2019-12-02,14:48:36.834734,['-2.35'],['1673.64']
306,2019-12-02,14:48:36.866648,['-1.17'],['1658.37']
307,2019-12-02,14:48:36.898415,['2.22'],['1662.51']
308,2019-12-02,14:48:36.914751,['2.52'],['1653.80']
309,2019-12-02,14:48:36.946639,['-2.15'],['1667.13']
310,2019-12-02,14:48:36.978312,['-2.56'],['1674.11']
311,2019-12-02,14:48:37.010170,['2.10'],['1668.06']
312,2019-12-02,14:48:37.042093,['2.46'],['1661.13']
313,2019-12-02,14:48:37.074219,['-0.56'],['1654.72']
314,2019-12-02,14:48:37.106049,['-2.21'],['1667.59']
315,2019-12-02,14:48:37.137893,['-2.05'],['1666.20']
316,2019-12-02,14:48:37.154077,['2.24'],['1665.74']
317,2019-12-02,14:48:37.185724,['2.54'],['1668.52']
318,2019-12-02,14:48:37.217822,['-2.18'],['1662.97']
319,2019-12-02,14:48:37.249691,['-2.50'],['1668.98']
320,2019-12-02,14:48:37.281594,['1.84'],['1664.36']
321,2019-12-02,14:48:37.313417,['2.29'],['1666.20']
322,2019-12-02,14:48:37.345358,['0.52'],['1662.97']
323,2019-12-02,14:48:37.361622,['-2.27'],['1662.51']
324,2019-12-02,14:48:37.393312,['-2.52'],['1670.38']
325,2019-12-02,14:48:37.425284,['2.29'],['1667.59']
326,2019-12-02,14:48:37.457215,['2.49'],['1657.92']
327,2019-12-02,14:48:37.489110,['-2.12'],['1667.59']
328,2019-12-02,14:48:37.520921,['-2.43'],['1671.77']
329,2019-12-02,14:48:37.552762,['1.04'],['1673.17']
330,2019-12-02,14:48:37.568894,['2.28'],['1666.67']
331,2019-12-02,14:48:37.600844,['1.48'],['1661.59']
332,2019-12-02,14:48:37.632621,['-2.26'],['1660.21']
333,2019-12-02,14:48:37.664606,['-2.57'],['1666.67']
334,2019-12-02,14:48:37.696476,['2.18'],['1668.98']
335,2019-12-02,14:48:37.728320,['2.51'],['1669.45']
336,2019-12-02,14:48:37.760173,['-2.03'],['1662.97']
337,2019-12-02,14:48:37.776379,['-2.29'],['1668.06']
338,2019-12-02,14:48:37.808191,['0.17'],['1662.97']
339,2019-12-02,14:48:37.840348,['2.20'],['1667.13']
340,2019-12-02,14:48:37.872064,['2.21'],['1658.37']
341,2019-12-02,14:48:37.903824,['-2.20'],['1659.75']
342,2019-12-02,14:48:37.935833,['-2.55'],['1672.71']
343,2019-12-02,14:48:37.967676,['2.19'],['1664.36']
344,2019-12-02,14:48:37.983719,['2.42'],['1661.59']
345,2019-12-02,14:48:38.015381,['-1.55'],['1664.36']
346,2019-12-02,14:48:38.047464,['-2.28'],['1665.74']
347,2019-12-02,14:48:38.079299,['-1.12'],['1674.11']
348,2019-12-02,14:48:38.111371,['2.28'],['1674.11']
349,2019-12-02,14:48:38.143349,['2.54'],['1665.28']
350,2019-12-02,14:48:38.175183,['-2.18'],['1658.37']
351,2019-12-02,14:48:38.191559,['-2.42'],['1663.89']
352,2019-12-02,14:48:38.223282,['2.07'],['1674.57']
353,2019-12-02,14:48:38.254882,['2.40'],['1669.91']
354,2019-12-02,14:48:38.286637,['-0.59'],['1661.59']
355,2019-12-02,14:48:38.318877,['-2.23'],['1668.06']
356,2019-12-02,14:48:38.350801,['-1.92'],['1662.97']
357,2019-12-02,14:48:38.382555,['2.20'],['1670.84']
358,2019-12-02,14:48:38.398532,['2.48'],['1663.89']
359,2019-12-02,14:48:38.430543,['-2.14'],['1662.51']
360,2019-12-02,14:48:38.462506,['-2.51'],['1672.71']
361,2019-12-02,14:48:38.494298,['1.78'],['1663.89']
362,2019-12-02,14:48:38.526351,['2.30'],['1666.67']
363,2019-12-02,14:48:38.558267,['0.53'],['1658.37']
364,2019-12-02,14:48:38.590109,['-2.15'],['1658.83']
365,2019-12-02,14:48:38.622043,['-2.49'],['1668.52']
366,2019-12-02,14:48:38.638348,['2.28'],['1663.43']
367,2019-12-02,14:48:38.670114,['2.52'],['1664.36']
368,2019-12-02,14:48:38.702004,['-2.12'],['1659.75']
369,2019-12-02,14:48:38.733890,['-2.36'],['1655.17']
370,2019-12-02,14:48:38.765636,['0.83'],['1667.13']
371,2019-12-02,14:48:38.797344,['2.22'],['1668.52']
372,2019-12-02,14:48:38.813851,['1.70'],['1664.36']
373,2019-12-02,14:48:38.845740,['-2.23'],['1666.20']
374,2019-12-02,14:48:38.877285,['-2.58'],['1660.21']
375,2019-12-02,14:48:38.909601,['2.13'],['1664.36']
376,2019-12-02,14:48:38.941280,['2.46'],['1664.82']
377,2019-12-02,14:48:38.973283,['-1.89'],['1660.21']
378,2019-12-02,14:48:39.005171,['-2.26'],['1670.38']
379,2019-12-02,14:48:39.037114,['-0.30'],['1663.43']
380,2019-12-02,14:48:39.053240,['2.22'],['1669.45']
381,2019-12-02,14:48:39.084846,['2.36'],['1663.43']
382,2019-12-02,14:48:39.116908,['-2.19'],['1662.05']
383,2019-12-02,14:48:39.148881,['-2.47'],['1665.74']
384,2019-12-02,14:48:39.180645,['2.10'],['1664.82']
385,2019-12-02,14:48:39.212575,['2.40'],['1677.38']
386,2019-12-02,14:48:39.244462,['-1.20'],['1668.98']
387,2019-12-02,14:48:39.260718,['-2.21'],['1662.51']
388,2019-12-02,14:48:39.292561,['-1.54'],['1661.13']
389,2019-12-02,14:48:39.324249,['2.19'],['1668.52']
390,2019-12-02,14:48:39.356341,['2.58'],['1671.77']
391,2019-12-02,14:48:39.388222,['-2.15'],['1669.91']
392,2019-12-02,14:48:39.420094,['-2.43'],['1663.89']
393,2019-12-02,14:48:39.451863,['1.94'],['1663.89']
394,2019-12-02,14:48:39.468209,['2.30'],['1665.28']
395,2019-12-02,14:48:39.499901,['0.16'],['1663.89']
396,2019-12-02,14:48:39.531880,['-2.19'],['1662.97']
397,2019-12-02,14:48:39.563749,['-2.32'],['1660.67']
398,2019-12-02,14:48:39.595526,['2.17'],['1672.24']
399,2019-12-02,14:48:39.627555,['2.52'],['1668.06']
400,2019-12-02,14:48:39.659457,['-2.16'],['1662.05']
401,2019-12-02,14:48:39.691132,['-2.38'],['1659.75']
402,2019-12-02,14:48:39.707368,['1.25'],['1658.83']
403,2019-12-02,14:48:39.739306,['2.25'],['1669.91']
404,2019-12-02,14:48:39.770904,['1.43'],['1663.43']
405,2019-12-02,14:48:39.802824,['-2.21'],['1657.00']
406,2019-12-02,14:48:39.834589,['-2.52'],['1659.29']
407,2019-12-02,14:48:39.866880,['2.19'],['1657.92']
408,2019-12-02,14:48:39.882915,['2.51'],['1671.31']
409,2019-12-02,14:48:39.914851,['-1.99'],['1663.89']
410,2019-12-02,14:48:39.946591,['-2.32'],['1662.51']
411,2019-12-02,14:48:39.978510,['-0.08'],['1655.63']
412,2019-12-02,14:48:40.010316,['2.22'],['1657.46']
413,2019-12-02,14:48:40.042452,['2.30'],['1668.98']
414,2019-12-02,14:48:40.074345,['-2.26'],['1661.59']
415,2019-12-02,14:48:40.106194,['-2.47'],['1660.67']
416,2019-12-02,14:48:40.122436,['2.09'],['1672.71']
417,2019-12-02,14:48:40.154229,['2.44'],['1667.59']
418,2019-12-02,14:48:40.186307,['-1.29'],['1664.36']
419,2019-12-02,14:48:40.218160,['-2.19'],['1663.89']
420,2019-12-02,14:48:40.249967,['-1.38'],['1657.92']
421,2019-12-02,14:48:40.281794,['2.17'],['1671.77']
422,2019-12-02,14:48:40.313429,['2.51'],['1668.06']
423,2019-12-02,14:48:40.329967,['-2.18'],['1665.74']
424,2019-12-02,14:48:40.361514,['-2.47'],['1672.24']
425,2019-12-02,14:48:40.393610,['2.00'],['1658.37']
426,2019-12-02,14:48:40.425517,['2.26'],['1667.13']
427,2019-12-02,14:48:40.457393,['0.05'],['1668.52']
428,2019-12-02,14:48:40.489230,['-2.18'],['1667.13']
429,2019-12-02,14:48:40.521140,['-2.26'],['1661.13']
430,2019-12-02,14:48:40.537037,['2.21'],['1661.59']
431,2019-12-02,14:48:40.569209,['2.45'],['1665.74']
432,2019-12-02,14:48:40.600655,['-2.08'],['1666.20']
433,2019-12-02,14:48:40.632814,['-2.39'],['1668.52']
434,2019-12-02,14:48:40.664392,['1.17'],['1664.82']
435,2019-12-02,14:48:40.696250,['2.23'],['1668.06']
436,2019-12-02,14:48:40.728446,['1.46'],['1664.82']
437,2019-12-02,14:48:40.744824,['-2.16'],['1665.74']
438,2019-12-02,14:48:40.776231,['-2.44'],['1657.00']
439,2019-12-02,14:48:40.808613,['2.08'],['1666.67']
440,2019-12-02,14:48:40.840175,['2.48'],['1665.28']
441,2019-12-02,14:48:40.872267,['-1.91'],['1676.91']
442,2019-12-02,14:48:40.904441,['-2.36'],['1669.91']
443,2019-12-02,14:48:40.936085,['-0.18'],['1658.83']
444,2019-12-02,14:48:40.952270,['2.17'],['1663.89']
445,2019-12-02,14:48:40.984196,['2.37'],['1661.13']
446,2019-12-02,14:48:41.015922,['-2.18'],['1671.31']
447,2019-12-02,14:48:41.047880,['-2.47'],['1664.36']
448,2019-12-02,14:48:41.079675,['2.07'],['1652.44']
449,2019-12-02,14:48:41.111643,['2.33'],['1661.13']
450,2019-12-02,14:48:41.143386,['-0.97'],['1659.29']
451,2019-12-02,14:48:41.175355,['-2.18'],['1664.82']
452,2019-12-02,14:48:41.191381,['-1.66'],['1658.37']
453,2019-12-02,14:48:41.223501,['2.20'],['1662.51']
454,2019-12-02,14:48:41.255155,['2.60'],['1665.28']
455,2019-12-02,14:48:41.287160,['-2.18'],['1657.00']
456,2019-12-02,14:48:41.319115,['-2.46'],['1661.13']
457,2019-12-02,14:48:41.350934,['1.76'],['1657.92']
458,2019-12-02,14:48:41.382851,['2.25'],['1657.92']
459,2019-12-02,14:48:41.399142,['0.69'],['1670.84']
460,2019-12-02,14:48:41.430711,['-2.27'],['1668.06']
461,2019-12-02,14:48:41.462641,['-2.46'],['1661.59']
462,2019-12-02,14:48:41.494891,['2.19'],['1657.00']
463,2019-12-02,14:48:41.526629,['2.44'],['1657.92']
464,2019-12-02,14:48:41.558446,['-2.05'],['1665.74']
465,2019-12-02,14:48:41.590445,['-2.20'],['1661.59']
466,2019-12-02,14:48:41.606710,['0.42'],['1651.07']
467,2019-12-02,14:48:41.638478,['1.99'],['1650.62']
468,2019-12-02,14:48:41.670340,['2.13'],['1644.74']
469,2019-12-02,14:48:41.702042,['-1.81'],['1652.44']
470,2019-12-02,14:48:41.734123,['-2.05'],['1636.21']
471,2019-12-02,14:48:41.765968,['1.01'],['1626.02']
472,2019-12-02,14:48:41.797804,['1.79'],['1625.58']
473,2019-12-02,14:48:41.829468,['2.01'],['1613.77']
474,2019-12-02,14:48:41.861354,['-1.50'],['1604.28']
475,2019-12-02,14:48:41.893334,['-1.92'],['1593.20']
476,2019-12-02,14:48:41.925161,['-1.97'],['1587.72']
477,2019-12-02,14:48:41.941735,['-0.07'],['1583.11']
478,2019-12-02,14:48:41.973619,['1.68'],['1571.09']
479,2019-12-02,14:48:42.005620,['1.86'],['1564.54']
480,2019-12-02,14:48:42.037529,['2.10'],['1552.39']
481,2019-12-02,14:48:42.069532,['1.80'],['1549.99']
482,2019-12-02,14:48:42.101301,['-1.39'],['1546.79']
483,2019-12-02,14:48:42.132950,['-1.74'],['1527.11']
484,2019-12-02,14:48:42.165169,['-2.00'],['1529.44']
485,2019-12-02,14:48:42.196988,['-2.26'],['1518.22']
486,2019-12-02,14:48:42.229048,['-2.45'],['1520.53']
487,2019-12-02,14:48:42.276473,['-2.67'],['1527.49']
488,2019-12-02,14:48:42.308470,['-2.63'],['1521.68']
489,2019-12-02,14:48:42.340314,['-1.32'],['1525.17']
490,2019-12-02,14:48:42.372345,['0.96'],['1518.99']
491,2019-12-02,14:48:42.404244,['2.23'],['1512.48']
492,2019-12-02,14:48:42.436250,['2.36'],['1512.86']
493,2019-12-02,14:48:42.468075,['2.48'],['1507.16']
494,2019-12-02,14:48:42.499891,['2.50'],['1505.65']
495,2019-12-02,14:48:42.531669,['2.56'],['1512.10']
496,2019-12-02,14:48:42.563645,['2.52'],['1513.62']
497,2019-12-02,14:48:42.595736,['2.60'],['1508.30']
498,2019-12-02,14:48:42.627819,['2.49'],['1487.73']
499,2019-12-02,14:48:42.659788,['2.63'],['1489.94']
500,2019-12-02,14:48:42.691503,['2.69'],['1483.68']
501,2019-12-02,14:48:42.723156,['2.69'],['1484.05']
502,2019-12-02,14:48:42.755249,['2.66'],['1481.85']
503,2019-12-02,14:48:42.787212,['2.64'],['1471.67']
504,2019-12-02,14:48:42.834983,['2.61'],['1465.92']
505,2019-12-02,14:48:42.867085,['2.58'],['1462.70']
506,2019-12-02,14:48:42.899092,['2.36'],['1453.84']
507,2019-12-02,14:48:42.931015,['2.28'],['1447.18']
508,2019-12-02,14:48:42.963031,['2.32'],['1435.41']
509,2019-12-02,14:48:42.994873,['2.27'],['1429.25']
510,2019-12-02,14:48:43.026903,['2.15'],['1421.46']
511,2019-12-02,14:48:43.074360,['1.97'],['1421.13']
512,2019-12-02,14:48:43.106554,['-1.37'],['1418.44']
513,2019-12-02,14:48:43.138530,['-2.42'],['1404.82']
514,2019-12-02,14:48:43.170473,['-2.12'],['1398.28']
515,2019-12-02,14:48:43.202318,['-2.04'],['1392.76']
516,2019-12-02,14:48:43.250176,['-1.83'],['1382.17']
517,2019-12-02,14:48:43.282157,['2.51'],['1372.68']
518,2019-12-02,14:48:43.314123,['2.27'],['1362.71']
519,2019-12-02,14:48:43.345977,['2.18'],['1361.47']
520,2019-12-02,14:48:43.393671,['-2.58'],['1356.24']
521,2019-12-02,14:48:43.425799,['-2.30'],['1346.80']
522,2019-12-02,14:48:43.457728,['-1.91'],['1337.79']
523,2019-12-02,14:48:43.505332,['2.46'],['1330.97']
524,2019-12-02,14:48:43.537533,['2.20'],['1331.85']
525,2019-12-02,14:48:43.569620,['-2.53'],['1330.67']
526,2019-12-02,14:48:43.617289,['-2.46'],['1327.73']
527,2019-12-02,14:48:43.649326,['1.64'],['1323.92']
528,2019-12-02,14:48:43.681285,['2.52'],['1324.50']
529,2019-12-02,14:48:43.728995,['-0.04'],['1320.13']
530,2019-12-02,14:48:43.760967,['-2.49'],['1320.42']
531,2019-12-02,14:48:43.793041,['-1.40'],['1321.29']
532,2019-12-02,14:48:43.840410,['2.58'],['1327.73']
533,2019-12-02,14:48:43.872640,['2.17'],['1328.32']
534,2019-12-02,14:48:43.904424,['-2.67'],['1326.85']
535,2019-12-02,14:48:43.952454,['-2.32'],['1319.84']
536,2019-12-02,14:48:43.984447,['2.73'],['1314.92']
537,2019-12-02,14:48:44.016561,['2.27'],['1312.05']
538,2019-12-02,14:48:44.063897,['-2.67'],['1311.19']
539,2019-12-02,14:48:44.096027,['-2.29'],['1314.06']
540,2019-12-02,14:48:44.128216,['2.84'],['1314.35']
541,2019-12-02,14:48:44.175921,['2.36'],['1306.05']
542,2019-12-02,14:48:44.207991,['-2.63'],['1310.04']
543,2019-12-02,14:48:44.240068,['-2.29'],['1311.19']
544,2019-12-02,14:48:44.287648,['2.58'],['1304.06']
545,2019-12-02,14:48:44.319487,['1.83'],['1304.63']
546,2019-12-02,14:48:44.367376,['-2.51'],['1298.70']
547,2019-12-02,14:48:44.399423,['-0.32'],['1295.06']
548,2019-12-02,14:48:44.431483,['2.44'],['1294.50']
549,2019-12-02,14:48:44.479078,['-1.87'],['1288.94']
550,2019-12-02,14:48:44.511138,['-2.24'],['1287.55']
551,2019-12-02,14:48:44.542818,['2.64'],['1284.52']
552,2019-12-02,14:48:44.590896,['2.23'],['1282.87']
553,2019-12-02,14:48:44.622778,['-2.28'],['1272.26']
554,2019-12-02,14:48:44.670654,['1.46'],['1261.30']
555,2019-12-02,14:48:44.702584,['2.21'],['1256.02']
556,2019-12-02,14:48:44.750423,['-2.33'],['1253.92']
557,2019-12-02,14:48:44.782252,['2.36'],['1252.35']
558,2019-12-02,14:48:44.814575,['2.18'],['1248.96']
559,2019-12-02,14:48:44.862205,['-2.33'],['1244.81']
560,2019-12-02,14:48:44.894278,['2.48'],['1242.24']
561,2019-12-02,14:48:44.941995,['-1.32'],['1239.67']
562,2019-12-02,14:48:44.974167,['-2.28'],['1238.90']
563,2019-12-02,14:48:45.021726,['2.28'],['1235.58']
564,2019-12-02,14:48:45.069422,['-2.49'],['1225.74']
565,2019-12-02,14:48:45.101503,['2.57'],['1219.76']
566,2019-12-02,14:48:45.149303,['-0.02'],['1211.63']
567,2019-12-02,14:48:45.181406,['-1.92'],['1203.61']
568,2019-12-02,14:48:45.229036,['2.04'],['1195.93']
569,2019-12-02,14:48:45.261275,['-2.19'],['1189.06']
570,2019-12-02,14:48:45.308994,['2.25'],['1190.95']
571,2019-12-02,14:48:45.341114,['-2.40'],['1187.41']
572,2019-12-02,14:48:45.388841,['2.25'],['1178.32']
573,2019-12-02,14:48:45.436633,['-2.22'],['1172.56']
574,2019-12-02,14:48:45.468692,['2.24'],['1166.41']
575,2019-12-02,14:48:45.516566,['-2.27'],['1163.69']
576,2019-12-02,14:48:45.564236,['2.28'],['1166.41']
577,2019-12-02,14:48:45.596290,['-2.22'],['1162.79']
578,2019-12-02,14:48:45.644208,['2.18'],['1156.29']
579,2019-12-02,14:48:45.691952,['-1.01'],['1154.96']
580,2019-12-02,14:48:45.724141,['-1.65'],['1153.18']
581,2019-12-02,14:48:45.771912,['2.72'],['1147.89']
582,2019-12-02,14:48:45.819624,['-2.54'],['1141.55']
583,2019-12-02,14:48:45.851526,['2.32'],['1138.52']
584,2019-12-02,14:48:45.899496,['-2.27'],['1129.94']
585,2019-12-02,14:48:45.947002,['1.72'],['1127.61']
586,2019-12-02,14:48:45.995143,['2.47'],['1123.39']
587,2019-12-02,14:48:46.027382,['-2.47'],['1116.07']
588,2019-12-02,14:48:46.074971,['2.32'],['1121.50']
589,2019-12-02,14:48:46.122844,['-0.42'],['1122.54']
590,2019-12-02,14:48:46.170767,['-2.69'],['1120.24']
591,2019-12-02,14:48:46.202916,['2.49'],['1118.99']
592,2019-12-02,14:48:46.250761,['-2.29'],['1118.57']
593,2019-12-02,14:48:46.298392,['-2.58'],['1120.87']
594,2019-12-02,14:48:46.346319,['2.64'],['1125.07']
595,2019-12-02,14:48:46.378622,['-2.43'],['1127.40']
596,2019-12-02,14:48:46.426251,['1.92'],['1125.28']
597,2019-12-02,14:48:46.474087,['2.75'],['1124.02']
598,2019-12-02,14:48:46.521786,['-2.49'],['1128.03']
599,2019-12-02,14:48:46.553852,['2.47'],['1124.65']
600,2019-12-02,14:48:46.601447,['-1.24'],['1126.13']
601,2019-12-02,14:48:46.649636,['-2.89'],['1126.55']
602,2019-12-02,14:48:46.697435,['2.39'],['1116.69']
603,2019-12-02,14:48:46.729611,['-1.97'],['1103.75']
604,2019-12-02,14:48:46.777049,['-0.80'],['1084.60']
605,2019-12-02,14:48:46.825160,['1.65'],['1056.90']
606,2019-12-02,14:48:46.873105,['-0.32'],['1037.88']
607,2019-12-02,14:48:46.920978,['-1.80'],['1025.82']
608,2019-12-02,14:48:46.968574,['-2.24'],['1015.74']
609,2019-12-02,14:48:47.016636,['-2.12'],['996.51']
610,2019-12-02,14:48:47.064456,['-1.91'],['984.41']
611,2019-12-02,14:48:47.112666,['-1.41'],['977.20']
612,2019-12-02,14:48:47.176238,['-1.85'],['964.94']
613,2019-12-02,14:48:47.224176,['-2.36'],['958.01']
614,2019-12-02,14:48:47.272110,['-2.28'],['946.97']
615,2019-12-02,14:48:47.320094,['-1.98'],['932.69']
616,2019-12-02,14:48:47.383722,['-1.40'],['922.93']
617,2019-12-02,14:48:47.431711,['2.35'],['916.17']
618,2019-12-02,14:48:47.479705,['1.88'],['905.93']
619,2019-12-02,14:48:47.543469,['-2.34'],['892.46']
620,2019-12-02,14:48:47.591485,['-1.57'],['884.04']
621,2019-12-02,14:48:47.655214,['2.17'],['881.32']
622,2019-12-02,14:48:47.703125,['-2.46'],['878.22']
623,2019-12-02,14:48:47.766808,['1.05'],['870.45']
624,2019-12-02,14:48:47.830467,['2.12'],['864.80']
625,2019-12-02,14:48:47.878543,['-2.07'],['858.25']
626,2019-12-02,14:48:47.942302,['2.00'],['845.79']
627,2019-12-02,14:48:47.990276,['-2.34'],['846.62']
628,2019-12-02,14:48:48.054185,['2.24'],['839.04']
629,2019-12-02,14:48:48.117842,['-1.96'],['830.45']
630,2019-12-02,14:48:48.181503,['1.99'],['814.33']
631,2019-12-02,14:48:48.229836,['-1.68'],['806.67']
632,2019-12-02,14:48:48.293593,['-2.27'],['789.47']
633,2019-12-02,14:48:48.357383,['1.62'],['762.29']
634,2019-12-02,14:48:48.421098,['1.94'],['738.10']
635,2019-12-02,14:48:48.500680,['2.10'],['726.83']
636,2019-12-02,14:48:48.564651,['2.52'],['725.87']
637,2019-12-02,14:48:48.628468,['2.22'],['721.50']
638,2019-12-02,14:48:48.692565,['2.22'],['719.68']
639,2019-12-02,14:48:48.772123,['2.07'],['722.46']
640,2019-12-02,14:48:48.835979,['0.41'],['718.65']
641,2019-12-02,14:48:48.899986,['-2.41'],['712.17']
642,2019-12-02,14:48:48.979476,['-2.00'],['704.06']
643,2019-12-02,14:48:49.043549,['-2.06'],['703.89']
644,2019-12-02,14:48:49.123007,['2.20'],['694.85']
645,2019-12-02,14:48:49.186872,['2.02'],['685.64']
646,2019-12-02,14:48:49.266784,['-2.02'],['672.80']
647,2019-12-02,14:48:49.330843,['0.37'],['658.33']
648,2019-12-02,14:48:49.410677,['1.38'],['634.65']
649,2019-12-02,14:48:49.490272,['2.22'],['632.51']
650,2019-12-02,14:48:49.569870,['-1.96'],['594.65']
651,2019-12-02,14:48:49.665740,['0.14'],['479.19']
652,2019-12-02,14:48:49.777771,['0.05'],['329.80']
653,2019-12-02,14:48:50.032683,['-0.05'],['102.16']
